{
  "testcase" : "de.test.CalleeTest#onlyCallMethod1",
  "version" : "9caed514e0759dbfa4ef29acca78787e34d99975",
  "predecessor" : "9caed514e0759dbfa4ef29acca78787e34d99975~1",
  "config" : {
    "timeout" : 300000,
    "vms" : 2,
    "type1error" : 0.01,
    "type2error" : 0.01
  },
  "nodes" : {
    "call" : "de.test.CalleeTest#onlyCallMethod1",
    "statistic" : {
      "meanOld" : 5159534.0666666655,
      "meanCurrent" : 1.5154673074509803E7,
      "deviationOld" : 2330.7542802748376,
      "deviationCurrent" : 2851.941891432782,
      "vms" : 4,
      "tvalue" : -3837.7627300255585,
      "predecessor" : null,
      "change" : true
    },
    "childs" : [ {
      "call" : "de.test.Callee#<init>",
      "statistic" : {
        "meanOld" : 27226.37156862745,
        "meanCurrent" : 28739.79607843139,
        "deviationOld" : 1527.9094003684593,
        "deviationCurrent" : 187.87688527741014,
        "vms" : 4,
        "tvalue" : -1.3903350393039475,
        "predecessor" : null,
        "change" : false
      },
      "childs" : [ ]
    }, {
      "call" : "de.test.Callee#method1",
      "statistic" : {
        "meanOld" : 5127600.281372554,
        "meanCurrent" : 1.5140895458823528E7,
        "deviationOld" : 3304.0257592868793,
        "deviationCurrent" : 889.4765524764659,
        "vms" : 4,
        "tvalue" : -4138.616722741841,
        "predecessor" : null,
        "change" : true
      },
      "childs" : [ {
        "call" : "de.test.Callee#innerMethod",
        "statistic" : {
          "meanOld" : 5110406.901960782,
          "meanCurrent" : 1.5110525199999996E7,
          "deviationOld" : 15440.469635985179,
          "deviationCurrent" : 17838.382422673698,
          "vms" : 4,
          "tvalue" : -599.4352749719359,
          "predecessor" : null,
          "change" : true
        },
        "childs" : [ ]
      } ]
    } ]
  }
}